aadhar card number,NAME,D/O/B,FATHER'S NAME
321-678-945-236,GAURAV,12/23/1998,GIRISH KUMAR
321-898-945-237,MAYANK,12/24/1999,RAKESH BHATT
321-908-945-238,SHUBHAM GARG,12/25/1999,RAM GARG
321-878-945-239,SHUBHAM CHAUN,12/26/1999,MUKESH KUMAR
321-678-344-240,GARIMA,12/27/1999,YOGESH 
321-678-912-241,HARSIMRAN,12/28/1999,BHUPINDER SINGH BAHNIWAL
671-678-945-242,HARSH KUMAR,12/29/1999,DENESH KUMAR
921-678-945-243,HERSIT AGGARWAL,12/30/1999,DEVENDER 
421-678-945-244,KATIYANI,12/31/1999,RAMGOPAL
321-678-945-245,CHANDAN,1/1/2000,GANESH
381-678-945-246,SIDDHNART,3/4/1997,FARAHAN
321-678-934-247,SIDD PANDAY,3/5/1997,HARSH
321-678-945-048,ANURAG KUMAR,3/6/1997,RAMESH
321-978-945-249,RAM PATEL,3/7/1997,HARINATH
321-456-945-250,GAURAV,3/8/1997,GIRISH KUMAR
546-678-945-251,MAYANK,3/9/1997,RAKESH BHATT
890-678-945-252,SHUBHAM GARG,3/10/1997,RAM GARG
678-678-945-253,SHUBHAM CHAUN,3/11/1997,MUKESH KUMAR
124-678-945-254,GARIMA,3/12/1997,YOGESH 
678-678-945-299,HARSIMRAN,3/13/1997,BHUPINDER SINGH BAHNIWAL
