Permanent account Number,NAME,D/O/B,FATHER'S NAME
HFRPS9838R,GAURAV,12/23/1999,GIRISH KUMAR
HFRPS9838T,MAYANK,12/24/1999,RAKESH BHATT
HFRPS9838K,SHUBHAM GARG,12/25/1999,RAM GARG
HFRPS9838L,SHUBHAM CHAUN,12/26/1999,MUKESH KUMAR
HFRPS9838M,GARIMA,12/27/1999,YOGESH 
HFRPS9838j,HARSIMRAN,12/28/1999,BHUPINDER SINGH BAHNIWAL
HFRPS98389,HARSH KUMAR,12/29/1999,DENESH KUMAR
HFRPS9839W,HERSIT AGGARWAL,12/30/1999,DEVENDER 
HFRPS98391,KATIYANI,12/31/1999,RAMGOPAL
HFRPS98392,CHANDAN,1/1/2000,GANESH
HFRPS98393,SIDDHNART,3/4/1997,FARAHAN
HFRPS9839Q,SIDD PANDAY,3/5/1997,HARSH
HFRPS98395,ANURAG KUMAR,3/6/1997,RAMESH
HFRPS98396,RAM PATEL,3/7/1997,HARINATH
HFRPS9839B,GAURAV,3/8/1997,GIRISH KUMAR
HFRPS98398,MAYANK,3/9/1997,RAKESH BHATT
HFRPS9839O,SHUBHAM GARG,3/10/1997,RAM GARG
HFRPS9840M,SHUBHAM CHAUN,3/11/1997,MUKESH KUMAR
HFRPS98401,GARIMA,3/12/1997,YOGESH 
HFRPS44401,HARSIMRAN,3/13/1997,BHUPINDER SINGH BAHNIWAL
